UID,Email,Name
Fz37IcHVlgUGLNSj6IZ2pQIZCmq2,harish@gmail.com,Harish
Fz37IcHVlgUGLNSj6IZ2pQIZCmq3,vaibhav@gmail.com,Vaibhav
Fz37IcHVlgUGLNSj6IZ2pQIZCmq4,sneh@gmail.com,Sneh
Fz37IcHVlgUGLNSj6IZ2pQIZCmq5,gursehaj@gmail.com,Gursehaj
Fz37IcHVlgUGLNSj6IZ2pQIZCmq6,abhiram@gmail.com,Abhiram
Fz37IcHVlgUGLNSj6IZ2pQIZCmq7,divyank@gmail.com,Divyank
Fz37IcHVlgUGLNSj6IZ2pQIZCmq8,garvit@gmail.com,Garvit
